<?xml version="1.0" encoding="UTF-8"?>
<Vitals>
	<VitalsList>
		<Vital name="breathingRate">
			<NodeID>0</NodeID>
			<Units>bpm</Units>
      	<Min>0</Min>
      <Max>100</Max>
		</Vital>
		<Vital name="bloodPressure">
			<NodeID>1</NodeID>
			<Units>mmHg</Units>
      <Min>0</Min>
      <Max>120</Max>
		</Vital>
		<Vital name="heartRate">
			<NodeID>2</NodeID>
			<Units>bpm</Units>
      <Min>0</Min>
      <Max>120</Max>
		</Vital>
		<Vital name="temperature">
			<NodeID>3</NodeID>
			<Units>Celsius</Units>
      <Min>0</Min>
      <Max>60</Max>
		</Vital>
	</VitalsList>
</Vitals>